mask_design,budget,method,n_models,n_subjects,n_model_subjects,prompt_mae_mean_subject_mean,prompt_mae_mean_subject_std,prompt_mae_mean_subject_se,prompt_mae_std_subject_mean,prompt_mae_std_subject_std,prompt_mae_std_subject_se,prompt_rmse_mean_subject_mean,prompt_rmse_mean_subject_std,prompt_rmse_mean_subject_se,prompt_rmse_std_subject_mean,prompt_rmse_std_subject_std,prompt_rmse_std_subject_se,wasserstein_1_mean_subject_mean,wasserstein_1_mean_subject_std,wasserstein_1_mean_subject_se,wasserstein_1_std_subject_mean,wasserstein_1_std_subject_std,wasserstein_1_std_subject_se,test_log_loss_mean_subject_mean,test_log_loss_mean_subject_std,test_log_loss_mean_subject_se,test_log_loss_std_subject_mean,test_log_loss_std_subject_std,test_log_loss_std_subject_se,test_brier_mean_subject_mean,test_brier_mean_subject_std,test_brier_mean_subject_se,test_brier_std_subject_mean,test_brier_std_subject_std,test_brier_std_subject_se,converged_rate_subject_mean,converged_rate_subject_std,converged_rate_subject_se,cover_prompt_latent_95_mean_subject_mean,cover_prompt_latent_95_mean_subject_std,cover_prompt_latent_95_mean_subject_se,cover_prompt_latent_95_std_subject_mean,cover_prompt_latent_95_std_subject_std,cover_prompt_latent_95_std_subject_se,mean_interval_width_latent_95_mean_subject_mean,mean_interval_width_latent_95_mean_subject_std,mean_interval_width_latent_95_mean_subject_se,mean_interval_width_latent_95_std_subject_mean,mean_interval_width_latent_95_std_subject_std,mean_interval_width_latent_95_std_subject_se,median_interval_width_latent_95_mean_subject_mean,median_interval_width_latent_95_mean_subject_std,median_interval_width_latent_95_mean_subject_se,median_interval_width_latent_95_std_subject_mean,median_interval_width_latent_95_std_subject_std,median_interval_width_latent_95_std_subject_se,cover_prompt_predictive_95_mean_subject_mean,cover_prompt_predictive_95_mean_subject_std,cover_prompt_predictive_95_mean_subject_se,cover_prompt_predictive_95_std_subject_mean,cover_prompt_predictive_95_std_subject_std,cover_prompt_predictive_95_std_subject_se,mean_interval_width_predictive_95_mean_subject_mean,mean_interval_width_predictive_95_mean_subject_std,mean_interval_width_predictive_95_mean_subject_se,mean_interval_width_predictive_95_std_subject_mean,mean_interval_width_predictive_95_std_subject_std,mean_interval_width_predictive_95_std_subject_se,median_interval_width_predictive_95_mean_subject_mean,median_interval_width_predictive_95_mean_subject_std,median_interval_width_predictive_95_mean_subject_se,median_interval_width_predictive_95_std_subject_mean,median_interval_width_predictive_95_std_subject_std,median_interval_width_predictive_95_std_subject_se,cover_avg_latent_95_mean_subject_mean,cover_avg_latent_95_mean_subject_std,cover_avg_latent_95_mean_subject_se,cover_avg_latent_95_std_subject_mean,cover_avg_latent_95_std_subject_std,cover_avg_latent_95_std_subject_se,avg_interval_width_latent_95_mean_subject_mean,avg_interval_width_latent_95_mean_subject_std,avg_interval_width_latent_95_mean_subject_se,avg_interval_width_latent_95_std_subject_mean,avg_interval_width_latent_95_std_subject_std,avg_interval_width_latent_95_std_subject_se,cover_avg_predictive_95_mean_subject_mean,cover_avg_predictive_95_mean_subject_std,cover_avg_predictive_95_mean_subject_se,cover_avg_predictive_95_std_subject_mean,cover_avg_predictive_95_std_subject_std,cover_avg_predictive_95_std_subject_se,avg_interval_width_predictive_95_mean_subject_mean,avg_interval_width_predictive_95_mean_subject_std,avg_interval_width_predictive_95_mean_subject_se,avg_interval_width_predictive_95_std_subject_mean,avg_interval_width_predictive_95_std_subject_std,avg_interval_width_predictive_95_std_subject_se
balanced,200.0,Avg,5,10,50,0.2841906327863562,0.012030196028495574,0.0017013266381505385,0.01588813661930143,0.0053884029773184836,0.0007620352570055364,0.33431577594147094,0.01553020456871632,0.002196302592750722,0.016366335479192057,0.0039037602321335516,0.000552075066453601,0.2665104251926711,0.01351148354426442,0.0019108123276079636,0.015456436497780472,0.005278754524627724,0.0007465286241166867,4.525501396540757,0.3957281723121482,0.055964414829695705,0.3628797433466929,0.09505813837875253,0.013443250850917023,0.3430090223872002,0.028348555678959025,0.004009091191487267,0.011276524835809059,0.0027555016313451854,0.00038968677781895495,,,,,,,,,,,,,,,,,,,,,,,,,,,,,,,,,,,,,,,,,,,,,,,,,,,,,,,,,,,,,,,
balanced,200.0,PE-Rasch,5,10,50,0.12350276053413378,0.023873540013426574,0.003376228406884462,0.015152956880753703,0.003659670392780767,0.0005175555503285832,0.16081440291430446,0.024344443663093927,0.003442824239677518,0.01711446310971314,0.0038555409825364088,0.0005452558347788278,0.10411118832272406,0.025426766296480677,0.0035958877743774084,0.01543823742828885,0.003628240170528858,0.0005131106456708782,0.5053987173183732,0.13138901110129975,0.018581212144624725,0.040332674155353965,0.012438696942709566,0.001759097391462862,0.13786420352574472,0.03435421641600293,0.004858419878021177,0.01160275820944407,0.002602302943170785,0.00036802121156355455,1.0,0.0,0.0,,,,,,,,,,,,,,,,,,,,,,,,,,,,,,,,,,,,,,,,,,,,,,,,,,,,,,,,,,,,
balanced,200.0,BayPIRE,5,10,50,0.026589469917273477,0.005839595206899167,0.0008258434740365721,0.005474719943728865,0.0028225673659031656,0.0003991713049571959,0.03253464771220607,0.007048138850020164,0.0009967573551187226,0.006110486188133375,0.0030532931245991473,0.00043180085467086385,0.019256506053789087,0.004534051752305643,0.0006412117480612137,0.0075427095058842,0.0034696756921098752,0.0004906862420818041,0.35973653386187854,0.08603261143243367,0.012166848589412228,0.014604332400084968,0.00396096557617743,0.0005601651237923082,0.10473551009951684,0.03517275791794645,0.004974179127362553,0.005813530856288131,0.0015691289145049565,0.00022190833920046821,1.0,0.0,0.0,0.9975799999999999,0.0028577856419805562,0.00040415192132440045,0.004854041069253582,0.0055873253845294246,0.0007901671336192981,0.25179493249772616,0.06703616106157387,0.009480344814270493,0.037899386196616855,0.014919703594068497,0.002109964716931828,0.250293420455052,0.06498048816886384,0.00918962876580317,0.036955555461699034,0.014282305528980799,0.0020198230181040886,0.99968,0.0006833291853200805,9.663734014450158e-05,0.000872854498914718,0.001767145526602226,0.0002499121170407813,0.27387853990859173,0.062264841159565244,0.008805578282686367,0.035857599688401666,0.014695983404459061,0.0020783259042995933,0.2723574537458918,0.06026658082360287,0.008522981595859347,0.03503505322580908,0.014177300345690211,0.0020049730426711866,0.988,0.03282607226593159,0.004642307659791976,0.03794733192202055,0.10380515499762827,0.014680265804188715,0.09119507002233038,0.010608535697068575,0.0015002735059713493,0.0039578958822508,0.0009984984138870375,0.00014120899989270724,0.99,0.030304576336566316,0.004285714285714285,0.03162277660168379,0.09583148474999098,0.013552618543578768,0.09195375756668725,0.010470764219949079,0.0014807896768262926,0.0038353434733318227,0.001031243149715296,0.00014583980484317196
balanced,400.0,Avg,5,10,50,0.19055254189491333,0.011962784314559313,0.001691793182139391,0.013154738205798351,0.003184356529978531,0.00045033601921269656,0.23250797399792117,0.009891265055634589,0.0013988361190705502,0.014646160445614684,0.00343620479835234,0.00048595274289213854,0.1732786699254967,0.011404231922153368,0.0016128019452757484,0.012899307512873685,0.00312033750770822,0.00044128236225824264,1.8692049016963268,0.0926063339801577,0.013096513347639142,0.23909552199633743,0.06688233255510036,0.00945859017825705,0.28506583144635905,0.022899828970808105,0.0032385248706541135,0.007304598052264837,0.001804648572681459,0.0002552158486803367,,,,,,,,,,,,,,,,,,,,,,,,,,,,,,,,,,,,,,,,,,,,,,,,,,,,,,,,,,,,,,,
balanced,400.0,PE-Rasch,5,10,50,0.08550909992738803,0.021056998591755416,0.002977909299133167,0.010339017368808606,0.003116429354499676,0.0004407296659311072,0.12179736027119016,0.022950504716245716,0.0032456915033022373,0.013298440106259992,0.0036109486075707716,0.0005106652493858828,0.06643692851482182,0.019150986919666074,0.0027083585434621504,0.010655880128325204,0.0029279888149134478,0.00041408014925273234,0.46890392655723473,0.17904748134477452,0.025321137642652383,0.03892574124784638,0.01518631156401083,0.0021476687776247486,0.1126549662218375,0.036236455832875124,0.005124608729118564,0.008970209803392977,0.0024828301067274278,0.0003511252010002167,1.0,0.0,0.0,,,,,,,,,,,,,,,,,,,,,,,,,,,,,,,,,,,,,,,,,,,,,,,,,,,,,,,,,,,,
balanced,400.0,BayPIRE,5,10,50,0.022026006429885784,0.005195187500163518,0.0007347104621802423,0.0028189846499049377,0.001417525434298859,0.0002004683694194258,0.02724541636929424,0.006348208898713282,0.0008977723121337892,0.003197202612478697,0.0015127655766135712,0.00021393735951380678,0.016442454509005836,0.003687690866749599,0.0005215182437596677,0.0039622924861410485,0.0021147849749585906,0.0002990757593089285,0.2657686112811055,0.062325159313329985,0.008814108557797507,0.009378110824738908,0.0024139377645601037,0.000341382352536549,0.07499475177720849,0.02247409366591678,0.003178316806438278,0.003233529339061672,0.0008823034512769714,0.0001247765506924482,1.0,0.0,0.0,0.97084,0.02463559727429446,0.0034839995782468876,0.02601415478411149,0.01851203493390024,0.0026179970870646237,0.13588756791712012,0.030382870166020853,0.004296786705260758,0.020695608214538756,0.010081168729811005,0.001425692554227027,0.1357325620694996,0.030242169261127414,0.004276888592466911,0.020627645900212332,0.010032408387975906,0.0014187968005541125,0.9963600000000001,0.0048687256850143456,0.0006885417895221525,0.0057264488671653615,0.005948284784366426,0.0008412145014908521,0.16401562079562063,0.030229871125825557,0.004275149373493332,0.018108308493173214,0.00926051260319984,0.0013096342517972188,0.16388606129249386,0.02979488560984722,0.004213633131880091,0.01820177192441242,0.009254762454751335,0.0013088210580050655,0.972,0.04965184913423647,0.007021831844254003,0.08432740427115677,0.14443572274383903,0.020426295799549726,0.05290501662360019,0.004969490621899721,0.0007027921035576492,0.0022322242713110198,0.00041957508346780796,5.9336877347399736e-05,0.9740000000000001,0.048697315854455164,0.006886840453253684,0.07800284895082002,0.1409555984188765,0.019934131897639075,0.053793362457084104,0.00504744960811365,0.0007138171691189087,0.002247267961567402,0.00044553259380582163,6.300782366394562e-05
balanced,800.0,Avg,5,10,50,0.131642450058364,0.006178708309367686,0.0008738013089055119,0.009269832468319103,0.0019884810494308564,0.00028121368686270017,0.1629228348775795,0.0073493040333767155,0.0010393485438004641,0.01044028166522445,0.0021667055765841104,0.00030641844120746654,0.11393298225564098,0.0075857674812777115,0.0010727895253031733,0.009469997936630318,0.0019453625659980231,0.00027511581245673295,0.8907763272912764,0.05694277809558575,0.008052924906197896,0.08747716130820545,0.023521616301527715,0.0033264588782556575,0.25746047094777064,0.020704423226083346,0.0029280476127439576,0.0038751807531914955,0.0008122526713261481,0.00011486987438632145,,,,,,,,,,,,,,,,,,,,,,,,,,,,,,,,,,,,,,,,,,,,,,,,,,,,,,,,,,,,,,,
balanced,800.0,PE-Rasch,5,10,50,0.06931170571393688,0.014782145062889298,0.0020905110028904533,0.005667619824461718,0.001671778092010752,0.00023642512509998212,0.09179869633503632,0.016170081005950018,0.0022867947863286094,0.007808728660902594,0.0019427591124299237,0.0002747476285222315,0.05182223639013716,0.012828576066756813,0.001814234625954238,0.0059542395866443495,0.0013991778928774208,0.0001978736352279858,0.37473224053205295,0.09871884357349923,0.013960952744343067,0.026578965848650767,0.008711248020401968,0.001231956509564824,0.09386522270506693,0.026711784148799926,0.0037776167418415514,0.004588232514949286,0.0012778751724499692,0.0001807188399898604,1.0,0.0,0.0,,,,,,,,,,,,,,,,,,,,,,,,,,,,,,,,,,,,,,,,,,,,,,,,,,,,,,,,,,,,
balanced,800.0,BayPIRE,5,10,50,0.02027286016780332,0.004815263642268223,0.0006809811149297788,0.0014920143057471419,0.0005942552894765847,8.404038898897356e-05,0.025119334166032802,0.005949101564126961,0.0008413300115923341,0.001779800031325842,0.0007510308236772745,0.00010621179766046381,0.014037175124452895,0.0034524872336740894,0.0004882554269781866,0.002438790456872962,0.0009848678608884096,0.00013928134860137674,0.22551750656571798,0.060055360289901716,0.008493110501518162,0.0058156659435909756,0.0014673219825444147,0.0002075106648082489,0.0656742664343804,0.020871651622108627,0.0029516972793112426,0.0017806364142866598,0.0005022784420906856,7.103289848922767e-05,0.99,0.058028845747399714,0.008206518066482897,0.9070199999999999,0.04282688932177531,0.006056636771310612,0.051698426838521376,0.0195065369640766,0.0027586409129529226,0.09168309778255163,0.018850843956417233,0.0026659119185344143,0.015618529552597063,0.006728660915767182,0.0009515763523687717,0.0916791166968105,0.01878797555760789,0.002657020984310329,0.015598902426117854,0.00668693898051702,0.0009456759797008486,0.98848,0.008965330047306848,0.0012678891344052366,0.011245502268702173,0.007214310140784679,0.0010202575244263445,0.12464856411007469,0.02354173536956681,0.0033293041441439766,0.011901683629215913,0.005221251904114437,0.0007383965255364983,0.12464481790173028,0.023636071131272415,0.003342645235506063,0.012028369719959813,0.005149162332418801,0.0007282015205367347,0.9660000000000001,0.06580738746446296,0.009306569985658472,0.08977195188839189,0.15557259094386047,0.02200128680463292,0.03295907685564647,0.0036373738807657743,0.0005144023473600615,0.0011881252430889062,0.00029839483267333854,4.219940193086857e-05,0.97,0.06468132241526725,0.009147320339189783,0.07712284124771837,0.1492492954061822,0.021107037773805133,0.03412368672853203,0.0038623555114770326,0.0005462195547037292,0.001217472237260524,0.0002488912643079956,3.51985401540554e-05
balanced,1600.0,Avg,5,10,50,0.08893795611505624,0.00356658787812768,0.0005043916948643644,0.006640912439621066,0.0014837767767946612,0.00020983772412772465,0.11068296888671882,0.004518710958751411,0.0006390422322310177,0.0073800218824023565,0.001782470072213681,0.0002520793350648738,0.07209938592815106,0.005426113442869446,0.0007673683221880938,0.006605939329285279,0.001537708634129177,0.00021746484053636894,0.6923327963343585,0.029718986881750783,0.004202899430816006,0.015883445690172745,0.012525554154547843,0.0017713808561600226,0.24305624603290485,0.01930281956174088,0.0027298309216254634,0.002186941064303198,0.0005946009757010446,8.408927640366924e-05,,,,,,,,,,,,,,,,,,,,,,,,,,,,,,,,,,,,,,,,,,,,,,,,,,,,,,,,,,,,,,,
balanced,1600.0,PE-Rasch,5,10,50,0.04767943726333419,0.007455208444577187,0.0010543256892639485,0.0036693467512252443,0.0009811781087133585,0.00013875953884460147,0.060872428040693025,0.009131125087638662,0.0012913360938663812,0.004629820277048688,0.0013313312672010515,0.00018827867340870857,0.03231028503213599,0.005907997748007119,0.000835517054170137,0.003866353717531616,0.0010181357278692476,0.00014398613546892926,0.26501850184759057,0.06315283018238262,0.008931158894617043,0.014410998712966226,0.003380036431141144,0.000478009336223496,0.07574256390277974,0.021290289962057635,0.003010901681119767,0.0025733030534752684,0.0006955895988494457,9.837122445385467e-05,1.0,0.0,0.0,,,,,,,,,,,,,,,,,,,,,,,,,,,,,,,,,,,,,,,,,,,,,,,,,,,,,,,,,,,,
balanced,1600.0,BayPIRE,5,10,50,0.018811729948293818,0.004321883534223985,0.0006112066309096523,0.001190048203305916,0.00043748262669604884,6.186938639761581e-05,0.023353346937487383,0.005313835117920014,0.0007514897691976919,0.00139917983632653,0.0004656489349437991,6.585270391021077e-05,0.01175911385018743,0.002694767667425008,0.0003810976982716956,0.0022926707776762837,0.0010232312646962028,0.00014470675319775442,0.20428165911914126,0.059530340327034914,0.008418861466317876,0.003609356294761014,0.0011480228531912495,0.00016235494888973217,0.06142742760588594,0.020237069912694278,0.0028619538733224755,0.00099962372333805,0.00036472573104703263,5.158000753931554e-05,0.934,0.18251083277885907,0.025810929499587052,0.8105800000000001,0.05256369896591746,0.00743362959660971,0.08115267526492075,0.02068550182988774,0.002925371723232072,0.06538319068457878,0.014192610636513725,0.0020071382447638354,0.013290560073090154,0.00573649782005727,0.0008112633017648685,0.06535443499572823,0.014146192253300854,0.002000573694055528,0.013256107262135768,0.0057472466558514314,0.000812783416700851,0.98052,0.011521479496831934,0.0016293832563023265,0.014158638062436208,0.006935046180630722,0.00098076363643317,0.10294388746277681,0.02020235345806308,0.0028570442252247802,0.008753496767732656,0.004411544912431088,0.0006238866646178072,0.10301845904417978,0.019977192296815417,0.0028252016284291684,0.009058453610623128,0.004345537492373651,0.0006145518057515588,0.936,0.06928203230275506,0.009797958971132708,0.17708754896942921,0.17488577418876997,0.024732583372387703,0.0207479470414684,0.00262889575982751,0.0003717820037613187,0.0006677857148948541,0.00015193008536418807,2.1486158725453683e-05,0.9599999999999999,0.06388765649999398,0.00903507902905251,0.10962562555250381,0.1635213411911219,0.023125409844992284,0.022299688402281456,0.0029456556513769512,0.0004165786172258238,0.0007199792256076939,0.00018225274402639747,2.5774430238184337e-05
random,200.0,Avg,5,10,50,0.2720691748439185,0.01320903052779426,0.0018680390118206882,0.018763701410630745,0.004335145644584503,0.0006130821765434058,0.33612101556859153,0.015375690045188564,0.0021744509392750654,0.01830560291191777,0.005445665547417681,0.0007701334073305989,0.2532037945357984,0.012669846223271124,0.001791786836213156,0.018698445279139598,0.004426486852797635,0.0006259997740892614,4.3878941752153215,0.3192696202987723,0.04515154270802322,0.3777333525127286,0.09504131188547135,0.01344087122541648,0.34404137238558014,0.028236073375658297,0.003993183791601782,0.012578273615862296,0.003472202625724235,0.0004910436044606685,,,,,,,,,,,,,,,,,,,,,,,,,,,,,,,,,,,,,,,,,,,,,,,,,,,,,,,,,,,,,,,
random,200.0,PE-Rasch,5,10,50,0.12541480633993957,0.021873580530852924,0.003093391424439229,0.015762992485588274,0.004016210157251282,0.0005679778873725344,0.1652531406267478,0.023693604812947095,0.003350781726797822,0.018410224291806852,0.005310727671229041,0.0007510503098722193,0.1059152814229374,0.023082711679382105,0.003264388391333001,0.016072280750970277,0.004235694887363914,0.0005990177155784426,0.5780351533566482,0.12926648277422106,0.018281041309957148,0.0490475256176178,0.013956999882511912,0.0019738178523888037,0.1626327119017965,0.032316760801816204,0.004570280141789569,0.012602392687399943,0.0033727397905129364,0.00047697743540987857,1.0,0.0,0.0,,,,,,,,,,,,,,,,,,,,,,,,,,,,,,,,,,,,,,,,,,,,,,,,,,,,,,,,,,,,
random,200.0,BayPIRE,5,10,50,0.029200049511752573,0.0056863152712133954,0.0008041664176479228,0.00950018129732847,0.004298572051805895,0.0006079098894501839,0.03497818023705906,0.006734718342344188,0.0009524330018506,0.0098208308683016,0.003993290507567158,0.0005647365594297214,0.024061753006105815,0.005509428876255982,0.000779150903773117,0.011901408703178105,0.004748047349827727,0.0006714752956916003,0.39368465883657566,0.05496206787829196,0.0077728101809551135,0.017427455902757585,0.004864620736029429,0.0006879612620694207,0.12025624245497397,0.021749866411671977,0.003075895605918955,0.007363924858311555,0.001990174278407686,0.0002814531456010238,1.0,0.0,0.0,0.9947600000000001,0.00639055425401189,0.0009037608497104692,0.01058344634595619,0.0125316649769806,0.0017722450569561884,0.23181485737319968,0.03127326251815125,0.004422707199282366,0.03346835328879705,0.012396806480743873,0.0017531731855182663,0.2318649816761145,0.03131867036103152,0.004429128838006305,0.033618981140973676,0.012442623628710176,0.0017596527087225865,0.9991199999999999,0.0017099946294222873,0.00024182975965141533,0.002141160161907238,0.004237010273770847,0.0005992037393080873,0.2544876134443967,0.02931527002314419,0.004145805245135995,0.031329619434477304,0.012062746791574002,0.001705930011211649,0.2542968430741074,0.02930589258011689,0.004144479074425036,0.0315967159816321,0.011925911294885681,0.0016865785496885809,0.964,0.06627093431281829,0.009372125409632413,0.09609650720872864,0.15825334596862667,0.02238040281597534,0.11169077319051862,0.005320601520950974,0.0007524466830911784,0.00486576778403262,0.0011809732732585114,0.0001670148419842334,0.97,0.058028845747399714,0.008206518066482897,0.08555558167483404,0.14758916056842833,0.020872259253513176,0.11219231498563424,0.005318125324072602,0.0007520964959703284,0.004814553816752777,0.001189904363774389,0.00016827788891766697
random,400.0,Avg,5,10,50,0.21086218766899661,0.009860053193861762,0.0013944220952479456,0.013917853568486722,0.0035061972169844902,0.0004958511656614267,0.2649761720666819,0.012664854771371322,0.0017910809383158927,0.01598744781531263,0.0038966721304649118,0.000551072657502474,0.1924996679718429,0.010343470252392573,0.0014627875912936236,0.014128104981156358,0.0035853234189819057,0.0005070413004618085,2.6470090865413,0.11251171415058164,0.015911559207759742,0.30642486128090884,0.07405201162264564,0.010472535915775552,0.30190388288247394,0.024830077012644,0.003511503166604957,0.008942676807126878,0.0021570377520713324,0.0003050512043530052,,,,,,,,,,,,,,,,,,,,,,,,,,,,,,,,,,,,,,,,,,,,,,,,,,,,,,,,,,,,,,,
random,400.0,PE-Rasch,5,10,50,0.09552893556791175,0.01925643165119207,0.0027232706804026356,0.011789261053392858,0.003233705587255532,0.0004573150298218427,0.1335836599312959,0.02142541978420584,0.003030011923836073,0.0145999219489059,0.004307915507584736,0.000609231253638371,0.07675088903955507,0.018211130870634838,0.0025754428263403137,0.012069801590527668,0.0032678839194627642,0.0004621485759165188,0.5110109840468143,0.15208345255471348,0.021507848121540094,0.04636961166616107,0.014092463099279392,0.0019929752442243297,0.12785472780593704,0.032611233126839195,0.004611924817368674,0.010179914353766624,0.002520146459122798,0.00035640253016579936,1.0,0.0,0.0,,,,,,,,,,,,,,,,,,,,,,,,,,,,,,,,,,,,,,,,,,,,,,,,,,,,,,,,,,,,
random,400.0,BayPIRE,5,10,50,0.0233687705065045,0.0050294041553453584,0.0007112651567145006,0.004339236357309189,0.0023024362959180905,0.00032561366361874366,0.028688030763329896,0.006273137227116325,0.0008871555745215456,0.004803200945699633,0.0022714613401259294,0.0003212331433612255,0.018098543670966544,0.003667848465369256,0.0005187121044454545,0.00575978537275596,0.0028483412339451375,0.000402816280331173,0.29515703983952696,0.058573314747712435,0.008283517610936295,0.012317180995983057,0.0028800231868415095,0.0004072967850780245,0.08598612193023321,0.021396642500555355,0.0030259422013533955,0.004837464627475782,0.001161747610381049,0.00016429592266554137,1.0,0.0,0.0,0.97346,0.02129885500419674,0.003012112960995309,0.03030762387116632,0.024948089910832815,0.0035281927107203145,0.14459580157038915,0.02576013168583433,0.003643032759862381,0.021831011441363887,0.01245022514925691,0.0017607277260677711,0.14470922383634718,0.02576571254669847,0.0036438220127747592,0.02185758092527483,0.01245538499619974,0.0017614574386204034,0.9960999999999999,0.003955105199973468,0.0005593363414414831,0.007828182730566366,0.008255253231849877,0.001167469108130642,0.17232111996127855,0.02693441523948038,0.003809101532626173,0.018951148928696388,0.010844894825327994,0.0015336997344488647,0.17239159289494224,0.026890579750508684,0.00380290225832447,0.018920034395822044,0.010823637117315023,0.0015306934405511735,0.9660000000000001,0.05573259772323187,0.00788177955664784,0.0990847000186092,0.154171033216338,0.02180307660996181,0.06672613913257729,0.005147492599516352,0.0007279653846451164,0.0031224448219173504,0.0007859304348608642,0.00011114734800620184,0.9640000000000001,0.05627918743883487,0.00795907901553378,0.10540925533894598,0.1564921592871903,0.02213133340689952,0.06745276146036558,0.0050997914446584015,0.0007212194226310191,0.0031283829917454183,0.0007799875062966819,0.00011030689098863374
random,800.0,Avg,5,10,50,0.13844086104266862,0.006378161192260896,0.0009020082061097108,0.009764144263782082,0.0024796281656313153,0.00035067237814781255,0.17553809943178764,0.00825507509675067,0.0011674439160233188,0.012400323756009381,0.003197754540910645,0.0004522307840895984,0.12055241899168329,0.00726464799757122,0.0010273763724031766,0.009828526547419753,0.0025141420159535788,0.0003555533736693585,1.096501208269179,0.062446915858885205,0.008831327533600697,0.15192603565713855,0.035773507603978065,0.005059137962720282,0.2620932644937917,0.021057977118565014,0.002978047683721695,0.004853840521850306,0.0012169166541439475,0.00017209800365680596,,,,,,,,,,,,,,,,,,,,,,,,,,,,,,,,,,,,,,,,,,,,,,,,,,,,,,,,,,,,,,,
random,800.0,PE-Rasch,5,10,50,0.07199397790225179,0.014624015462357842,0.0020681481003220308,0.006719673668409456,0.001502390190338417,0.0002124700583152885,0.09699274357930157,0.01654677855888439,0.0023400678651558644,0.009792555097200555,0.0021656405675412886,0.00030626782618422573,0.05475254893504842,0.013358939719638927,0.0018892393730438,0.0069985547322966475,0.0016606473940689007,0.0002348510067011777,0.3852533719467312,0.09872708917991753,0.013962118849185742,0.030558546322583126,0.009729984034628237,0.001376027538344494,0.09751172412695486,0.02656489216611784,0.0037568430784302637,0.005677694388886815,0.0014249703544616335,0.00020152124012592386,1.0,0.0,0.0,,,,,,,,,,,,,,,,,,,,,,,,,,,,,,,,,,,,,,,,,,,,,,,,,,,,,,,,,,,,
random,800.0,BayPIRE,5,10,50,0.020690786801952653,0.004639294811847439,0.0006560953642761783,0.0019250635041602121,0.0010651279675340736,0.00015063184173495764,0.02556795339132531,0.005697729306785551,0.000805780606038678,0.002236907177611566,0.0011332674967225577,0.0001602682263661648,0.014829374171420212,0.0034158806887646534,0.0004830784797499322,0.002828310860630294,0.0013419766760014503,0.00018978416155896157,0.2337243044456379,0.059546854138797026,0.008421196871973922,0.00726530396092787,0.0017909068674652766,0.00025327247809165093,0.06804242158281586,0.020752109152212147,0.002934791421090525,0.002493228012743912,0.0008031997895389805,0.00011358960356612418,0.996,0.01979486637221574,0.0027994168488950605,0.9117799999999999,0.044071041906152825,0.006232586517159434,0.05143306134910269,0.020690905804994816,0.002926135960720787,0.09469744048371168,0.018886230639812103,0.002670916351292857,0.015615306556248064,0.007304812542822534,0.0010330564968652723,0.09484744271664747,0.018870516860349303,0.002668694087289614,0.015693305537448805,0.007364778572895059,0.001041536974166296,0.99016,0.007995815232012926,0.0011307790343342056,0.010208117426581622,0.00554663845253484,0.0007844131325154887,0.12759363446926786,0.023128679774936232,0.003270889261749912,0.011982605648465428,0.0055912904633792435,0.0007907278804478272,0.12761930505429844,0.02309323492055249,0.0032658766023713295,0.012021802263529733,0.005589164058516674,0.0007904271613882531,0.9619999999999999,0.05303060340934452,0.007499659856232391,0.11595018087284056,0.1568539913523867,0.022182504188289744,0.037751638411964966,0.0041430020307807736,0.0005859089660869445,0.001816150276271844,0.00035729035943732703,5.0528487202142584e-05,0.9740000000000001,0.048697315854455164,0.006886840453253684,0.07800284895082002,0.1409555984188765,0.019934131897639075,0.038796033479221094,0.004182196359011044,0.0005914518811420795,0.001800408735287422,0.0004117506974967607,5.8230342071650055e-05
random,1600.0,Avg,5,10,50,0.0906978128350884,0.004491550318154726,0.0006352011376015603,0.00702240004707182,0.0017587972205773716,0.00024873148828046226,0.11402362203336765,0.005664470919636651,0.0008010771598218149,0.008536052098909237,0.002071298454087775,0.00029292583654933564,0.07359850170491156,0.00629114306950874,0.0008897019851728762,0.007195633044514043,0.0016584898521099585,0.00023454588419120518,0.7038895799060826,0.027272783458408893,0.003856954025054646,0.02643328771606884,0.01351958743265983,0.0019119583904956383,0.24391126387274084,0.019750551844079058,0.0027931498282249547,0.0025169729419874482,0.0006307906467379018,8.920726876348367e-05,,,,,,,,,,,,,,,,,,,,,,,,,,,,,,,,,,,,,,,,,,,,,,,,,,,,,,,,,,,,,,,
random,1600.0,PE-Rasch,5,10,50,0.04921928239625061,0.007456869026487745,0.0010545605310098827,0.003980884623799039,0.001054234298515105,0.00014909124428789475,0.06366129460893671,0.009231184879036914,0.0013054866852707442,0.00527973901436684,0.0013064946242214463,0.00018476624167415096,0.03382172185086504,0.0058502100592456125,0.0008273446408516653,0.004162772925891334,0.0010399726327234853,0.00014707434016944065,0.27159638236884487,0.0628758119731041,0.008891982603758446,0.015438341471508788,0.004501250599987847,0.0006365729646142844,0.07717372936756635,0.02119381502208607,0.0029972580642660756,0.0028761095101118798,0.0006831814930340339,9.661645330110309e-05,1.0,0.0,0.0,,,,,,,,,,,,,,,,,,,,,,,,,,,,,,,,,,,,,,,,,,,,,,,,,,,,,,,,,,,,
random,1600.0,BayPIRE,5,10,50,0.018818135677931783,0.0041546289877091155,0.0005875532661046634,0.0012654305858802023,0.0004183481895331468,5.916336834320063e-05,0.02348175433245022,0.005177216638472703,0.000732168998547174,0.001432585352968444,0.0004593238496698613,6.495820177245384e-05,0.011825034896485533,0.002836774475495264,0.00040118049366392257,0.0023055509784119465,0.000938319475859824,0.0001326984128599777,0.20612837061423986,0.05908576992294786,0.008355989716828917,0.0045154993953535096,0.0012111433132450445,0.00017128152995686278,0.06182853951569583,0.020136803774974288,0.0028477741001414376,0.0013193576861570081,0.0003455938796254685,4.8874355163947236e-05,0.9440000000000001,0.17861142409243183,0.025259469834628966,0.8184600000000002,0.049667962819228306,0.007024110663439529,0.07822782604470516,0.02170265219607967,0.0030692185075162103,0.06655173013585872,0.01259531254426671,0.0017812461822429957,0.013284620837068297,0.004948468623287616,0.0006998191440031065,0.06662593507707167,0.012521245723998289,0.0017707715520684504,0.01328307230850108,0.004893354391522982,0.0006920248145989746,0.9800000000000001,0.012192336167629643,0.0017242567165273845,0.014907866305940114,0.008268452872623408,0.0011693358192306801,0.10395715760439445,0.018863061829482424,0.002667639786713629,0.008968170535499469,0.003910690176244845,0.0005530551085484688,0.10412818579542865,0.01876077667342833,0.0026531744812215144,0.009235042210512783,0.003961939806067308,0.0005603029007046216,0.938,0.06966391622992348,0.009851965514038094,0.17409935615954863,0.17209023356344888,0.0243372342257383,0.022122617558760167,0.002727471144736267,0.00038572266838672993,0.0008086951521253379,0.00022202940733815292,3.139969991032763e-05,0.956,0.06439672954048367,0.009107072828862414,0.12561109870363352,0.1642673098532285,0.023230905744897928,0.023629631002584247,0.0029230229952257165,0.0004133778762976635,0.0008230003657677419,0.00021247793814733727,3.0048918183303597e-05
